id;message;photo;photo_content_type;accept_by_admin;from_user;to_user;sent_date;is_deleted
1;mobile Fish;../data/blob/hipster.png;image/png;true;Savings Account Dam;Practical Fresh Pants;2019-09-16;false
2;deposit Tasty Metal Bacon Implementation;../data/blob/hipster.png;image/png;false;Officer;methodology Albania;2019-09-16;false
3;Namibia;../data/blob/hipster.png;image/png;false;Gorgeous Frozen Pants;Common;2019-09-16;true
4;syndicate;../data/blob/hipster.png;image/png;true;Canyon HDD;Table Small Frozen Sausages Planner;2019-09-16;false
5;Music;../data/blob/hipster.png;image/png;false;Monitored Bahamian Dollar Investment Account;Games Regional Digitized;2019-09-16;true
6;convergence;../data/blob/hipster.png;image/png;false;Georgia Industrial;connect Markets Chief;2019-09-16;true
7;archive Georgia Aruba;../data/blob/hipster.png;image/png;true;navigating;interactive generating compelling;2019-09-16;true
8;bifurcated scalable;../data/blob/hipster.png;image/png;false;Industrial;index orange;2019-09-16;false
9;magenta monitor 1080p;../data/blob/hipster.png;image/png;true;Identity;Frozen IB;2019-09-16;false
10;Ergonomic;../data/blob/hipster.png;image/png;false;Lempira;pixel withdrawal;2019-09-15;true
