id;fa_name;en_name;start_date;end_date;img_1;img_1_content_type;img_2;img_2_content_type;img_3;img_3_content_type;img_4;img_4_content_type;price;active;score;comment;user_level_number
1;eco-centric Bedfordshire mesh;Configuration UIC-Franc;2019-11-07;2019-11-08;../data/blob/hipster.png;image/png;../data/blob/hipster.png;image/png;../data/blob/hipster.png;image/png;../data/blob/hipster.png;image/png;9717;false;61500;Director Concrete Bedfordshire;87737
2;program;Metal array France;2019-11-08;2019-11-07;../data/blob/hipster.png;image/png;../data/blob/hipster.png;image/png;../data/blob/hipster.png;image/png;../data/blob/hipster.png;image/png;41978;true;25620;Personal Loan Account Sleek Beauty;62789
3;olive Handcrafted Cotton Bacon Unbranded Fresh Pants;incubate;2019-11-08;2019-11-08;../data/blob/hipster.png;image/png;../data/blob/hipster.png;image/png;../data/blob/hipster.png;image/png;../data/blob/hipster.png;image/png;57828;true;3594;Dale;54264
4;stable Utah Computers;Licensed Plastic Pants;2019-11-08;2019-11-08;../data/blob/hipster.png;image/png;../data/blob/hipster.png;image/png;../data/blob/hipster.png;image/png;../data/blob/hipster.png;image/png;32665;true;82786;composite Orchestrator Club;84202
5;sky blue;Peru deposit;2019-11-07;2019-11-08;../data/blob/hipster.png;image/png;../data/blob/hipster.png;image/png;../data/blob/hipster.png;image/png;../data/blob/hipster.png;image/png;97585;true;51630;alliance redundant global;43897
6;Gorgeous Electronics Brand;infomediaries Som Rustic Frozen Keyboard;2019-11-08;2019-11-08;../data/blob/hipster.png;image/png;../data/blob/hipster.png;image/png;../data/blob/hipster.png;image/png;../data/blob/hipster.png;image/png;23978;true;9387;Tuna Response invoice;51669
7;payment e-markets system;Organic;2019-11-08;2019-11-08;../data/blob/hipster.png;image/png;../data/blob/hipster.png;image/png;../data/blob/hipster.png;image/png;../data/blob/hipster.png;image/png;75784;false;1439;Wooden Ergonomic Steel Gloves;85546
8;Colombian Peso Unidad de Valor Real Bridge Handmade;online e-business;2019-11-08;2019-11-08;../data/blob/hipster.png;image/png;../data/blob/hipster.png;image/png;../data/blob/hipster.png;image/png;../data/blob/hipster.png;image/png;64977;false;4805;Web HTTP;26089
9;Kids Optimization;EXE payment;2019-11-08;2019-11-07;../data/blob/hipster.png;image/png;../data/blob/hipster.png;image/png;../data/blob/hipster.png;image/png;../data/blob/hipster.png;image/png;7056;true;64241;Outdoors New York Data;57547
10;incubate deposit Station;parsing Investment Account;2019-11-07;2019-11-07;../data/blob/hipster.png;image/png;../data/blob/hipster.png;image/png;../data/blob/hipster.png;image/png;../data/blob/hipster.png;image/png;65148;true;20668;analyzing;21458
